﻿[
  {
    "id": 2197,
    "Key": "orifice",
    "enUS": "orifice",
    "zhTW": "插槽",
    "deDE": "Öffnung",
    "esES": "El Orificio",
    "frFR": "Orifice",
    "itIT": "Orifizio",
    "koKR":"오러피스",
    "plPL": "Otwór",
    "esMX": "Orificio",
    "jaJP": "差し込み穴",
    "ptBR": "orifício",
    "ruRU": "отверстие",
    "zhCN": "底座"
  },
  {
    "id": 3222,
    "Key": "Barrel",
    "enUS": "Barrel",
    "zhTW": "木桶",
    "deDE": "Fass",
    "esES": "Barril",
    "frFR": "Tonneau",
    "itIT": "Barile",
    "koKR":"통",
    "plPL": "Beczka",
    "esMX": "Barril",
    "jaJP": "樽",
    "ptBR": "Barril",
    "ruRU": "Бочка",
    "zhCN": "桶"
  },
  {
    "id": 3223,
    "Key": "Lever1",
    "enUS": "Lever",
    "zhTW": "拉桿",
    "deDE": "Hebel",
    "esES": "Palanca",
    "frFR": "Levier",
    "itIT": "Leva",
    "koKR":"레버",
    "plPL": "Dźwignia",
    "esMX": "Palanca",
    "jaJP": "レバー",
    "ptBR": "Alavanca",
    "ruRU": "Рычаг",
    "zhCN": "控制杆"
  },
  {
    "id": 3224,
    "Key": "BarrelEx",
    "enUS": "an Exploding Barrel",
    "zhTW": "爆炸桶",
    "deDE": "ein explodierendes Fass",
    "esES": "un barril explosivo",
    "frFR": "un tonneau explosif",
    "itIT": "un barile esplosivo",
    "koKR":"폭발하는 통",
    "plPL": "Wybuchająca beczka",
    "esMX": "un barril explosivo",
    "jaJP": "爆発樽",
    "ptBR": "um Barril Explosivo",
    "ruRU": "Взрывоопасная бочка",
    "zhCN": "一个爆炸桶"
  },
  {
    "id": 3225,
    "Key": "Door",
    "enUS": "Closed Door",
    "zhTW": "關閉的門",
    "deDE": "geschlossene Tür",
    "esES": "Puerta cerrada",
    "frFR": "Porte fermée",
    "itIT": "Porta chiusa",
    "koKR":"닫힌 문",
    "plPL": "Zamknięte drzwi",
    "esMX": "Puerta cerrada",
    "jaJP": "扉（閉）",
    "ptBR": "Porta Fechada",
    "ruRU": "Закрытая дверь",
    "zhCN": "关闭的门"
  },
  {
    "id": 3226,
    "Key": "Portal",
    "enUS": "Portal to ",
    "zhTW": "傳送到",
    "deDE": "Portal nach ",
    "esES": "Portal a",
    "frFR": "Portail vers",
    "itIT": "Portale verso",
    "koKR":" 로 가는 포탈",
    "plPL": "Portal:",
    "esMX": "Portal hacia ",
    "jaJP": "ポータル: ",
    "ptBR": "Portal para ",
    "ruRU": "Портал: ",
    "zhCN": "传送门至"
  },
  {
    "id": 3227,
    "Key": "ODoor",
    "enUS": "Open Door",
    "zhTW": "打開的門",
    "deDE": "Offene Tür",
    "esES": "Puerta abierta",
    "frFR": "Porte ouverte",
    "itIT": "Porta aperta",
    "koKR":"열린 문",
    "plPL": "Otwarte drzwi",
    "esMX": "Puerta abierta",
    "jaJP": "扉（開）",
    "ptBR": "Porta Aberta",
    "ruRU": "Открытая дверь",
    "zhCN": "打开的门"
  },
  {
    "id": 3228,
    "Key": "BlockedDoor",
    "enUS": "Blocked Door",
    "zhTW": "堵住的門",
    "deDE": "blockierte Tür",
    "esES": "Puerta bloqueada",
    "frFR": "Porte bloquée",
    "itIT": "Porta bloccata",
    "koKR":"막힌 문",
    "plPL": "Zablokowane drzwi",
    "esMX": "Puerta bloqueada",
    "jaJP": "ふさがれた扉",
    "ptBR": "Porta Bloqueada",
    "ruRU": "Перегороженная дверь",
    "zhCN": "堵上的门"
  },
  {
    "id": 3229,
    "Key": "LockedDoor",
    "enUS": "Locked Door",
    "zhTW": "上鎖的門",
    "deDE": "Verschlossene Tür",
    "esES": "Puerta cerrada con llave",
    "frFR": "Porte verrouillée",
    "itIT": "Porta serrata",
    "koKR":"잠긴 문",
    "plPL": "Zamknięte na klucz",
    "esMX": "Puerta cerrada con llave",
    "jaJP": "鍵のかかった扉",
    "ptBR": "Porta Trancada",
    "ruRU": "Запертая дверь",
    "zhCN": "锁住的门"
  },
  {
    "id": 3230,
    "Key": "StoneAlpha",
    "enUS": "Cairn Stone",
    "zhTW": "石柱",
    "deDE": "Monolith",
    "esES": "Piedras de Cairn",
    "frFR": "Pierre de Cairn",
    "itIT": "Monolito",
    "koKR":"케른 스톤",
    "plPL": "Kamień z Kręgu",
    "esMX": "Menhir de piedra",
    "jaJP": "ケルン・ストーン",
    "ptBR": "Pedra Monumental",
    "ruRU": "Ритуальный камень",
    "zhCN": "石柱"
  },
  {
    "id": 3231,
    "Key": "StoneBeta",
    "enUS": "Cairn Stone",
    "zhTW": "石柱",
    "deDE": "Monolith",
    "esES": "Piedras de Cairn",
    "frFR": "Pierre de Cairn",
    "itIT": "Monolito",
    "koKR":"케른 스톤",
    "plPL": "Kamień z Kręgu",
    "esMX": "Menhir de piedra",
    "jaJP": "ケルン・ストーン",
    "ptBR": "Pedra Monumental",
    "ruRU": "Ритуальный камень",
    "zhCN": "石柱"
  },
  {
    "id": 3232,
    "Key": "StoneDelta",
    "enUS": "Cairn Stone",
    "zhTW": "石柱",
    "deDE": "Monolith",
    "esES": "Piedras de Cairn",
    "frFR": "Pierre de Cairn",
    "itIT": "Monolito",
    "koKR":"케른 스톤",
    "plPL": "Kamień z Kręgu",
    "esMX": "Menhir de piedra",
    "jaJP": "ケルン・ストーン",
    "ptBR": "Pedra Monumental",
    "ruRU": "Ритуальный камень",
    "zhCN": "石柱"
  },
  {
    "id": 3233,
    "Key": "StoneGamma",
    "enUS": "Cairn Stone",
    "zhTW": "石柱",
    "deDE": "Monolith",
    "esES": "Piedras de Cairn",
    "frFR": "Pierre de Cairn",
    "itIT": "Monolito",
    "koKR":"케른 스톤",
    "plPL": "Kamień z Kręgu",
    "esMX": "Menhir de piedra",
    "jaJP": "ケルン・ストーン",
    "ptBR": "Pedra Monumental",
    "ruRU": "Ритуальный камень",
    "zhCN": "石柱"
  },
  {
    "id": 3234,
    "Key": "StoneLambda",
    "enUS": "Cairn Stone",
    "zhTW": "石柱",
    "deDE": "Monolith",
    "esES": "Piedras de Cairn",
    "frFR": "Pierre de Cairn",
    "itIT": "Monolito",
    "koKR":"케른 스톤",
    "plPL": "Kamień z Kręgu",
    "esMX": "Menhir de piedra",
    "jaJP": "ケルン・ストーン",
    "ptBR": "Pedra Monumental",
    "ruRU": "Ритуальный камень",
    "zhCN": "石柱"
  },
  {
    "id": 3235,
    "Key": "StoneTheta",
    "enUS": "Cairn Stone",
    "zhTW": "石柱",
    "deDE": "Monolith",
    "esES": "Piedras de Cairn",
    "frFR": "Pierre de Cairn",
    "itIT": "Monolito",
    "koKR":"케른 스톤",
    "plPL": "Kamień z Kręgu",
    "esMX": "Menhir de piedra",
    "jaJP": "ケルン・ストーン",
    "ptBR": "Pedra Monumental",
    "ruRU": "Ритуальный камень",
    "zhCN": "石柱"
  },
  {
    "id": 3236,
    "Key": "Crate",
    "enUS": "Crate",
    "zhTW": "箱子",
    "deDE": "Kiste",
    "esES": "Cajón",
    "frFR": "Caisse",
    "itIT": "Cassa",
    "koKR":"바구니",
    "plPL": "Skrzynka",
    "esMX": "Caja",
    "jaJP": "木箱",
    "ptBR": "Caixote",
    "ruRU": "Ящик",
    "zhCN": "木条箱"
  },
  {
    "id": 3237,
    "Key": "Casket",
    "enUS": "Casket",
    "zhTW": "石柩",
    "deDE": "Sarg",
    "esES": "Ataúd",
    "frFR": "Cercueil",
    "itIT": "Sarcofago",
    "koKR":"작은 관",
    "plPL": "Sarkofag",
    "esMX": "Ataúd",
    "jaJP": "棺",
    "ptBR": "Ataúde",
    "ruRU": "Саркофаг",
    "zhCN": "棺木"
  },
  {
    "id": 3238,
    "Key": "Cabinet",
    "enUS": "Cabinet",
    "zhTW": "櫃子",
    "deDE": "Schrank",
    "esES": "Armario",
    "frFR": "Armoire",
    "itIT": "Mobiletto",
    "koKR":"캐비넷",
    "plPL": "Gablotka",
    "esMX": "Armario",
    "jaJP": "キャビネット",
    "ptBR": "Gabinete",
    "ruRU": "Шкафчик",
    "zhCN": "柜子"
  },
  {
    "id": 3239,
    "Key": "Vase",
    "enUS": "Vase",
    "zhTW": "花瓶",
    "deDE": "Vase",
    "esES": "Jarrón",
    "frFR": "Vase",
    "itIT": "Vaso",
    "koKR":"꽃병",
    "plPL": "Waza",
    "esMX": "Jarrón",
    "jaJP": "花びん",
    "ptBR": "Vaso",
    "ruRU": "Ваза",
    "zhCN": "花瓶"
  },
  {
    "id": 3240,
    "Key": "Inifuss",
    "enUS": "Tree of Inifuss",
    "zhTW": "艾尼弗斯之樹",
    "deDE": "Inifussbaum",
    "esES": "Árbol de Inifuss",
    "frFR": "Arbre d’Inifuss",
    "itIT": "Albero di Inifuss",
    "koKR":"이니훠스 나무",
    "plPL": "Drzewo Inifussa",
    "esMX": "Árbol de Inifuss",
    "jaJP": "イニファスの木",
    "ptBR": "Árvore de Inifuss",
    "ruRU": "Древо Инифусс",
    "zhCN": "艾尼弗斯之树"
  },
  {
    "id": 3241,
    "Key": "corpse",
    "enUS": "Corpse",
    "zhTW": "屍體",
    "deDE": "Kadaver",
    "esES": "Cadáver",
    "frFR": "Cadavre",
    "itIT": "Cadavere",
    "koKR":"시체",
    "plPL": "Zwłoki",
    "esMX": "Cadáver",
    "jaJP": "死骸",
    "ptBR": "Cadáver",
    "ruRU": "Труп",
    "zhCN": "尸骸"
  },
  {
    "id": 3242,
    "Key": "RogueCorpse",
    "enUS": "Dead Rogue",
    "zhTW": "死掉的俠盜",
    "deDE": "Tote Jägerin",
    "esES": "Arpía muerta",
    "frFR": "Rogue mort",
    "itIT": "Scolta morta",
    "koKR":"죽은 로그",
    "plPL": "Martwa Łotrzyca",
    "esMX": "Renegada muerta",
    "jaJP": "ローグの死体",
    "ptBR": "Renegada Morta",
    "ruRU": "Мертвый разбойник",
    "zhCN": "死去的流亡者"
  },
  {
    "id": 3243,
    "Key": "CorpseOnStick",
    "enUS": "Dead Rogue",
    "zhTW": "死掉的俠盜",
    "deDE": "Tote Jägerin",
    "esES": "Arpía muerta",
    "frFR": "Rogue mort",
    "itIT": "Scolta morta",
    "koKR":"죽은 로그",
    "plPL": "Martwa Łotrzyca",
    "esMX": "Renegada muerta",
    "jaJP": "ローグの死体",
    "ptBR": "Renegada Morta",
    "ruRU": "Мертвый разбойник",
    "zhCN": "死去的流亡者"
  },
  {
    "id": 3244,
    "Key": "TowerTome",
    "enUS": "The Moldy Tome",
    "zhTW": "發霉的古書",
    "deDE": "Der schimmlige Foliant",
    "esES": "El tomo mohoso",
    "frFR": "Livre moisi",
    "itIT": "Volume ammuffito",
    "koKR":"낡은 고서적",
    "plPL": "Zapleśniała księga",
    "esMX": "Tomo mohoso",
    "jaJP": "カビだらけの研究書",
    "ptBR": "O Tomo Mofado",
    "ruRU": "Заплесневелый фолиант",
    "zhCN": "发霉的书"
  },
  {
    "id": 3247,
    "Key": "ArmorStand",
    "enUS": "Armor Stand",
    "zhTW": "防具架",
    "deDE": "Rüstungsständer",
    "esES": "Pie de armadura",
    "frFR": "Râtelier d’armures",
    "itIT": "Supporto per armature",
    "koKR":"갑옷 진열대",
    "plPL": "Stojak na zbroję",
    "esMX": "Soporte de armadura",
    "jaJP": "鎧立て",
    "ptBR": "Estande de Armadura",
    "ruRU": "Стойка для доспехов",
    "zhCN": "护甲架"
  },
  {
    "id": 3248,
    "Key": "WeaponRack",
    "enUS": "Weapon Rack",
    "zhTW": "武器架",
    "deDE": "Waffenregal",
    "esES": "Expositor de armas",
    "frFR": "Râtelier d’armes",
    "itIT": "Rastrelliera per armi",
    "koKR":"무기 진열대",
    "plPL": "Stojak na broń",
    "esMX": "Anaquel de armas",
    "jaJP": "武器棚",
    "ptBR": "Estante de Armas",
    "ruRU": "Оружейная стойка",
    "zhCN": "武器架"
  },
  {
    "id": 3249,
    "Key": "Sarcophagus",
    "enUS": "Sarcophagus",
    "zhTW": "石棺",
    "deDE": "Sarkophag",
    "esES": "Sarcófago",
    "frFR": "Sarcophage",
    "itIT": "Sarcofago",
    "koKR":"석관",
    "plPL": "Sarkofag",
    "esMX": "Sarcófago",
    "jaJP": "石棺",
    "ptBR": "Sarcófago",
    "ruRU": "Саркофаг",
    "zhCN": "石棺"
  },
  {
    "id": 3250,
    "Key": "Trap Door",
    "enUS": "Trap Door",
    "zhTW": "暗門",
    "deDE": "Falltür",
    "esES": "Trampilla",
    "frFR": "Piège",
    "itIT": "Botola",
    "koKR":"뚜껑문",
    "plPL": "Klapa",
    "esMX": "Trampilla",
    "jaJP": "落とし戸",
    "ptBR": "Alçapão",
    "ruRU": "Лаз",
    "zhCN": "活板门"
  },
  {
    "id": 3251,
    "Key": "LargeUrn",
    "enUS": "Large Urn",
    "zhTW": "大甕",
    "deDE": "Große Urne",
    "esES": "Urna grande",
    "frFR": "Grande urne",
    "itIT": "Urna grande",
    "koKR":"큰 항아리",
    "plPL": "Duża urna",
    "esMX": "Urna grande",
    "jaJP": "大きな壺",
    "ptBR": "Urna Grande",
    "ruRU": "Большая урна",
    "zhCN": "大瓮"
  },
  {
    "id": 3252,
    "Key": "CanopicJar",
    "enUS": "Canopic Jar",
    "zhTW": "臟器罈",
    "deDE": "Kanopenkrug",
    "esES": "Canope",
    "frFR": "Vase canope",
    "itIT": "Canopo",
    "koKR":"닫힌 항아리",
    "plPL": "Kanopa",
    "esMX": "Canope",
    "jaJP": "臓器壺",
    "ptBR": "Vaso Canópico",
    "ruRU": "Канопа",
    "zhCN": "坎努匹克陶罐"
  },
  {
    "id": 3253,
    "Key": "Obelisk",
    "enUS": "Obelisk",
    "zhTW": "方尖碑",
    "deDE": "Obelisk",
    "esES": "Obelisco",
    "frFR": "Obélisque",
    "itIT": "Obelisco",
    "koKR":"오벨리스크",
    "plPL": "Obelisk",
    "esMX": "Obelisco",
    "jaJP": "オベリスク",
    "ptBR": "Obelisco",
    "ruRU": "Обелиск",
    "zhCN": "石碑"
  },
  {
    "id": 3254,
    "Key": "HoleAnim",
    "enUS": "Undefiled Grave",
    "zhTW": "完好的墳墓",
    "deDE": "Nicht besudeltes Grab",
    "esES": "Tumba no profanada",
    "frFR": "Tombe intacte",
    "itIT": "Tomba inviolata",
    "koKR":"더럽혀 지지 않은 무덤",
    "plPL": "Nienaruszony grób",
    "esMX": "Tumba inmaculada",
    "jaJP": "荒らされていない墓",
    "ptBR": "Túmulo Intacto",
    "ruRU": "Нетронутая могила",
    "zhCN": "未被亵渎的坟墓"
  },
  {
    "id": 3256,
    "Key": "Urn",
    "enUS": "Urn",
    "zhTW": "土甕",
    "deDE": "Urne",
    "esES": "Urna",
    "frFR": "Urne",
    "itIT": "Urna",
    "koKR":"항아리",
    "plPL": "Urna",
    "esMX": "Urna",
    "jaJP": "壺",
    "ptBR": "Urna",
    "ruRU": "Урна",
    "zhCN": "罐子"
  },
  {
    "id": 3258,
    "Key": "Well",
    "enUS": "Well",
    "zhTW": "井",
    "deDE": "Brunnen",
    "esES": "Pozo",
    "frFR": "Puits",
    "itIT": "Pozzo",
    "koKR":"우물",
    "plPL": "Studnia",
    "esMX": "Pozo",
    "jaJP": "泉",
    "ptBR": "Poço",
    "ruRU": "Колодец",
    "zhCN": "井"
  },
  {
    "id": 3259,
    "Key": "bag",
    "enUS": "Bag",
    "zhTW": "袋子",
    "deDE": "Tasche",
    "esES": "Bolsa",
    "frFR": "Sac",
    "itIT": "Sacco",
    "koKR":"주머니",
    "plPL": "Torba",
    "esMX": "Costal",
    "jaJP": "袋",
    "ptBR": "Bolsa",
    "ruRU": "Сумка",
    "zhCN": "袋子"
  },
  {
    "id": 3260,
    "Key": "Chest",
    "enUS": "Chest",
    "zhTW": "箱子",
    "deDE": "Truhe",
    "esES": "Arcón",
    "frFR": "Coffre",
    "itIT": "Forziere",
    "koKR":"상자",
    "plPL": "Skrzynia",
    "esMX": "Cofre",
    "jaJP": "宝箱",
    "ptBR": "Baú",
    "ruRU": "Сундук",
    "zhCN": "箱子"
  },
  {
    "id": 3261,
    "Key": "chest",
    "enUS": "Chest",
    "zhTW": "箱子",
    "deDE": "Truhe",
    "esES": "Arcón",
    "frFR": "Coffre",
    "itIT": "Forziere",
    "koKR":"상자",
    "plPL": "Skrzynia",
    "esMX": "Cofre",
    "jaJP": "宝箱",
    "ptBR": "Baú",
    "ruRU": "Сундук",
    "zhCN": "箱子"
  },
  {
    "id": 3262,
    "Key": "lockedchest",
    "enUS": "Locked Chest",
    "zhTW": "上鎖的箱子",
    "deDE": "Verschlossene Truhe",
    "esES": "Arcón cerrado",
    "frFR": "Coffre verrouillé",
    "itIT": "Forziere chiuso",
    "koKR":"잠긴 상자",
    "plPL": "Zamknięta skrzynia",
    "esMX": "Cofre cerrado",
    "jaJP": "鍵のかかった宝箱",
    "ptBR": "Baú Trancado",
    "ruRU": "Запертый сундук",
    "zhCN": "锁住的箱子"
  },
  {
    "id": 3264,
    "Key": "templeshrine",
    "enUS": "shrine",
    "zhTW": "聖壇",
    "deDE": "[ms]Schrein",
    "esES": "Santuario",
    "frFR": "[ms]Sanctuaire",
    "itIT": "Santuario",
    "koKR":"성소",
    "plPL": "kapliczka",
    "esMX": "sagrario",
    "jaJP": "祭壇",
    "ptBR": "altar",
    "ruRU": "святилище",
    "zhCN": "圣坛"
  },
  {
    "id": 3265,
    "Key": "stair",
    "enUS": "Stair",
    "zhTW": "樓梯",
    "deDE": "Treppe",
    "esES": "Escalera",
    "frFR": "Escaliers",
    "itIT": "Scala",
    "koKR":"계단",
    "plPL": "Schody",
    "esMX": "Escaleras",
    "jaJP": "階段",
    "ptBR": "Escadas",
    "ruRU": "Лестница",
    "zhCN": "楼梯"
  },
  {
    "id": 3266,
    "Key": "coffin",
    "enUS": "Coffin",
    "zhTW": "棺柩",
    "deDE": "Sarg",
    "esES": "Féretro",
    "frFR": "Cercueil",
    "itIT": "Bara",
    "koKR":"관",
    "plPL": "Trumna",
    "esMX": "Féretro",
    "jaJP": "棺桶",
    "ptBR": "Caixão",
    "ruRU": "Гроб",
    "zhCN": "棺材"
  },
  {
    "id": 3267,
    "Key": "bookshelf",
    "enUS": "Bookshelf",
    "zhTW": "書架",
    "deDE": "Bücherregal",
    "esES": "Estantería de libros",
    "frFR": "Étagère",
    "itIT": "Libreria",
    "koKR":"책장",
    "plPL": "Biblioteczka",
    "esMX": "Estantería",
    "jaJP": "本棚",
    "ptBR": "Estante de Livros",
    "ruRU": "Книжная полка",
    "zhCN": "书架"
  },
  {
    "id": 3268,
    "Key": "loose boulder",
    "enUS": "Loose Boulder",
    "zhTW": "鬆動的圓石",
    "deDE": "Lockerer Felsblock",
    "esES": "Roca lisa suelta",
    "frFR": "Rocher instable",
    "itIT": "Macigno smosso",
    "koKR":"둥근 돌더미",
    "plPL": "Obluzowany głaz",
    "esMX": "Piedra suelta",
    "jaJP": "ぐらつく大岩",
    "ptBR": "Rochedo Solto",
    "ruRU": "Шаткий валун",
    "zhCN": "松动的巨石"
  },
  {
    "id": 3269,
    "Key": "loose rock",
    "enUS": "Loose Rock",
    "zhTW": "鬆動的石塊",
    "deDE": "Lockerer Felsen",
    "esES": "Roca suelta",
    "frFR": "Roche instable",
    "itIT": "Roccia smossa",
    "koKR":"둥근 자갈",
    "plPL": "Obluzowany kamień",
    "esMX": "Roca suelta",
    "jaJP": "ぐらつく石",
    "ptBR": "Rocha Solta",
    "ruRU": "Шаткий камень",
    "zhCN": "松动的岩石"
  },
  {
    "id": 3270,
    "Key": "hollow log",
    "enUS": "Hollow Log",
    "zhTW": "中空的木頭",
    "deDE": "Hohler Baumstamm",
    "esES": "Tronco hueco",
    "frFR": "Souche creuse",
    "itIT": "Tronco cavo",
    "koKR":"빈 통나무",
    "plPL": "Wydrążony pień",
    "esMX": "Tronco hueco",
    "jaJP": "うろのある丸太",
    "ptBR": "Tronco Oco",
    "ruRU": "Полое бревно",
    "zhCN": "干枯的原木"
  },
  {
    "id": 3271,
    "Key": "hiding spot",
    "enUS": "Hiding Spot",
    "zhTW": "藏匿處",
    "deDE": "Versteck",
    "esES": "Escondite",
    "frFR": "Cachette",
    "itIT": "Nascondiglio",
    "koKR":"얼룩으로 감추어진 틈",
    "plPL": "Kryjówka",
    "esMX": "Escondite",
    "jaJP": "隠れ場所",
    "ptBR": "Esconderijo",
    "ruRU": "Укрытие",
    "zhCN": "藏匿点"
  },
  {
    "id": 3272,
    "Key": "fire",
    "enUS": "Fire",
    "zhTW": "火焰",
    "deDE": "Feuer",
    "esES": "Fuego",
    "frFR": "Feu",
    "itIT": "Fuoco",
    "koKR":"불",
    "plPL": "Ogień",
    "esMX": "Fuego",
    "jaJP": "炎",
    "ptBR": "Fogo",
    "ruRU": "Костер",
    "zhCN": "火"
  },
  {
    "id": 3273,
    "Key": "Chest3",
    "enUS": "Chest",
    "zhTW": "箱子",
    "deDE": "Truhe",
    "esES": "Arcón",
    "frFR": "Coffre",
    "itIT": "Forziere",
    "koKR":"상자",
    "plPL": "Skrzynia",
    "esMX": "Cofre",
    "jaJP": "宝箱",
    "ptBR": "Baú",
    "ruRU": "Сундук",
    "zhCN": "箱子"
  },
  {
    "id": 3274,
    "Key": "hidden stash",
    "enUS": "Hidden Stash",
    "zhTW": "隱藏的物品",
    "deDE": "versteckter Schatz",
    "esES": "Alijo oculto",
    "frFR": "Réserve secrète",
    "itIT": "Forziere nascosto",
    "koKR":"숨겨진 보관함",
    "plPL": "Skrytka",
    "esMX": "Alijo oculto",
    "jaJP": "秘密の隠し場所",
    "ptBR": "Estoque Oculto",
    "ruRU": "Тайные припасы",
    "zhCN": "藏匿物"
  },
  {
    "id": 3275,
    "Key": "GuardCorpse",
    "enUS": "Guard Corpse",
    "zhTW": "守衛的屍體",
    "deDE": "Wächterleiche",
    "esES": "Cadáver de guardia",
    "frFR": "Cadavre de garde",
    "itIT": "Guardia morta",
    "koKR":"경비병 시체",
    "plPL": "Zwłoki gwardzisty",
    "esMX": "Cadáver de guardia",
    "jaJP": "衛兵の死体",
    "ptBR": "Cadáver do Guarda",
    "ruRU": "Тело стражника",
    "zhCN": "守卫的尸体"
  },
  {
    "id": 3276,
    "Key": "bowl",
    "enUS": "Bowl",
    "zhTW": "碗",
    "deDE": "Schale",
    "esES": "Cuenco",
    "frFR": "Bassin",
    "itIT": "Ciotola",
    "koKR":"사발",
    "plPL": "Misa",
    "esMX": "Tazón",
    "jaJP": "鉢",
    "ptBR": "Tigela",
    "ruRU": "Кубок",
    "zhCN": "碗"
  },
  {
    "id": 3278,
    "Key": "AmbientSound",
    "enUS": "Ambient Sound",
    "zhTW": "環境聲音",
    "deDE": "Umgebungsgeräusche",
    "esES": "Sonido ambiental",
    "frFR": "Bruit environnant",
    "itIT": "Suono ambientale",
    "koKR":"주위의 소리",
    "plPL": "Dźwięk tła",
    "esMX": "Sonido ambiental",
    "jaJP": "周囲の音",
    "ptBR": "Som Ambiente",
    "ruRU": "Окружающий звук",
    "zhCN": "环境音效"
  },
  {
    "id": 3280,
    "Key": "burning body",
    "enUS": "Burning Body",
    "zhTW": "燃燒的屍體",
    "deDE": "Brennender Körper",
    "esES": "Cuerpo ardiente",
    "frFR": "Cadavre incinéré",
    "itIT": "Corpo in fiamme",
    "koKR":"불타는 시체",
    "plPL": "Płonące ciało",
    "esMX": "Cuerpo ardiente",
    "jaJP": "火の付いた体",
    "ptBR": "Corpo Flamejante",
    "ruRU": "Горящий труп",
    "zhCN": "燃烧的尸体"
  },
  {
    "id": 3282,
    "Key": "door",
    "enUS": "Door",
    "zhTW": "門",
    "deDE": "Tür",
    "esES": "Puerta",
    "frFR": "Porte",
    "itIT": "Porta",
    "koKR":"문",
    "plPL": "Drzwi",
    "esMX": "Puerta",
    "jaJP": "扉",
    "ptBR": "Porta",
    "ruRU": "Дверь",
    "zhCN": "门"
  },
  {
    "id": 3284,
    "Key": "skullpile",
    "enUS": "Skullpile",
    "zhTW": "骷髏堆",
    "deDE": "Schädelhaufen",
    "esES": "Montón de cráneos",
    "frFR": "Pile de crânes",
    "itIT": "Mucchio di teschi",
    "koKR":"해골 더미",
    "plPL": "Stos czaszek",
    "esMX": "Pila de cráneos",
    "jaJP": "頭蓋骨の山",
    "ptBR": "Monte de Caveiras",
    "ruRU": "Гора черепов",
    "zhCN": "头骨堆"
  },
  {
    "id": 3285,
    "Key": "cocoon",
    "enUS": "Cocoon",
    "zhTW": "繭",
    "deDE": "Kokon",
    "esES": "Crisálida",
    "frFR": "Cocon",
    "itIT": "Bozzolo",
    "koKR":"고치",
    "plPL": "Kokon",
    "esMX": "Capullo",
    "jaJP": "繭",
    "ptBR": "Casulo",
    "ruRU": "Кокон",
    "zhCN": "茧"
  },
  {
    "id": 3286,
    "Key": "gidbinn altar",
    "enUS": "Gidbinn Altar",
    "zhTW": "吉德賓祭壇",
    "deDE": "Gidbinn-Altar",
    "esES": "Altar de Gidbinn",
    "frFR": "Autel de Gidbinn",
    "itIT": "Altare del Gidbinn",
    "koKR":"기드빈의 제단",
    "plPL": "Ołtarz Gidbinna",
    "esMX": "Altar de Gidbinn",
    "jaJP": "ギドビンの祭壇",
    "ptBR": "Altar da Gidbinn",
    "ruRU": "Алтарь Гидбинна",
    "zhCN": "吉德宾祭坛"
  },
  {
    "id": 3287,
    "Key": "cowa",
    "enUS": "Cow",
    "zhTW": "乳牛",
    "deDE": "Kuh",
    "esES": "Vaca",
    "frFR": "Vache",
    "itIT": "Mucca",
    "koKR":"소",
    "plPL": "Krowa",
    "esMX": "Vaca",
    "jaJP": "牛",
    "ptBR": "Vaca",
    "ruRU": "Корова",
    "zhCN": "奶牛"
  },
  {
    "id": 3288,
    "Key": "manashrine",
    "enUS": "Shrine",
    "zhTW": "聖壇",
    "deDE": "[ms]Schrein",
    "esES": "Santuario",
    "frFR": "Sanctuaire",
    "itIT": "Santuario",
    "koKR":"성소",
    "plPL": "Kapliczka",
    "esMX": "Sagrario",
    "jaJP": "祭壇",
    "ptBR": "Altar",
    "ruRU": "Святилище",
    "zhCN": "圣坛"
  },
  {
    "id": 3290,
    "Key": "ratchest",
    "enUS": "Chest",
    "zhTW": "箱子",
    "deDE": "Truhe",
    "esES": "Arcón",
    "frFR": "Coffre",
    "itIT": "Forziere",
    "koKR":"상자",
    "plPL": "Skrzynia",
    "esMX": "Cofre",
    "jaJP": "宝箱",
    "ptBR": "Baú",
    "ruRU": "Сундук",
    "zhCN": "箱子"
  },
  {
    "id": 3292,
    "Key": "bank",
    "enUS": "Your Private Stash",
    "zhTW": "你的個人儲物箱",
    "deDE": "Ihr privater Goldschatz",
    "esES": "Tu alijo personal",
    "frFR": "Votre réserve personnelle",
    "itIT": "Forziere personale",
    "koKR":"전용 보관함",
    "plPL": "Twoja skrytka",
    "esMX": "Tu Arcón privado",
    "jaJP": "保管箱",
    "ptBR": "Baú Pessoal",
    "ruRU": "Ваш тайник",
    "zhCN": "你的私人储藏箱"
  },
  {
    "id": 3293,
    "Key": "goo pile",
    "enUS": "Goo Pile",
    "zhTW": "黏液堆",
    "deDE": "Schleimhaufen",
    "esES": "Montón de porquería",
    "frFR": "Glue",
    "itIT": "Mucchio di melma",
    "koKR":"끈적거리는 더미",
    "plPL": "Obrzydliwa maź",
    "esMX": "Sustancia viscosa",
    "jaJP": "粘液の塊",
    "ptBR": "Monte de Gosma",
    "ruRU": "Сгусток слизи",
    "zhCN": "粘液堆"
  },
  {
    "id": 3294,
    "Key": "holyshrine",
    "enUS": "Holyshrine",
    "zhTW": "神聖祭壇",
    "deDE": "Heiliger Schrein",
    "esES": "Santuario sagrado",
    "frFR": "Lieu saint",
    "itIT": "Santuario sacro",
    "koKR":"성스러운 성소",
    "plPL": "Święta kapliczka",
    "esMX": "Sagrario sacro",
    "jaJP": "聖なる祭壇",
    "ptBR": "Altar Sagrado",
    "ruRU": "Святилище света",
    "zhCN": "神坛"
  },
  {
    "id": 3295,
    "Key": "teleportation pad",
    "enUS": "Teleport Pad",
    "zhTW": "傳送台",
    "deDE": "Teleporter",
    "esES": "Plataforma de teletransporte",
    "frFR": "Aire de téléportation",
    "itIT": "Teletrasporto",
    "koKR":"순간이동 패드",
    "plPL": "Teleport",
    "esMX": "Plataforma de teletransportación",
    "jaJP": "テレポート装置",
    "ptBR": "Portal de Teleporte",
    "ruRU": "Площадка телепорта",
    "zhCN": "传送台"
  },
  {
    "id": 3296,
    "Key": "ratchest-r",
    "enUS": "Ratchest",
    "zhTW": "老鼠箱",
    "deDE": "Rattentruhe",
    "esES": "Arcón de ratas",
    "frFR": "Trésor des rats",
    "itIT": "Cesta di topi",
    "koKR":"쥐덧",
    "plPL": "Szczurza skrzynia",
    "esMX": "Cofre de ratas",
    "jaJP": "ラットチェスト",
    "ptBR": "Ninho de Ratos",
    "ruRU": "Крысиный сундук",
    "zhCN": "老鼠箱"
  },
  {
    "id": 3297,
    "Key": "skull pile",
    "enUS": "Skull Pile",
    "zhTW": "骷髏堆",
    "deDE": "Schädelhaufen",
    "esES": "Montón de cráneos",
    "frFR": "Pile de crânes",
    "itIT": "Mucchio di teschi",
    "koKR":"해골 더미",
    "plPL": "Stos czaszek",
    "esMX": "Pila de cráneos",
    "jaJP": "頭蓋骨の山",
    "ptBR": "Monte de Caveiras",
    "ruRU": "Гора черепов",
    "zhCN": "头骨堆"
  },
  {
    "id": 3298,
    "Key": "body",
    "enUS": "Body",
    "zhTW": "屍體",
    "deDE": "Körper",
    "esES": "Cuerpo",
    "frFR": "Corps",
    "itIT": "Corpo",
    "koKR":"시체",
    "plPL": "Zwłoki",
    "esMX": "Cuerpo",
    "jaJP": "死体",
    "ptBR": "Corpo",
    "ruRU": "Тело",
    "zhCN": "残骸"
  },
  {
    "id": 3299,
    "Key": "hell bridge",
    "enUS": "Hell Bridge",
    "zhTW": "地獄之橋",
    "deDE": "Höllenbrücke",
    "esES": "Puente infernal",
    "frFR": "Pont des Enfers",
    "itIT": "Ponte infernale",
    "koKR":"헬 브릿지",
    "plPL": "Most piekieł",
    "esMX": "Puente infernal",
    "jaJP": "地獄の橋",
    "ptBR": "Ponte Infernal",
    "ruRU": "Адский мост",
    "zhCN": "地狱桥"
  },
  {
    "id": 3300,
    "Key": "compellingorb",
    "enUS": "Compelling Orb",
    "zhTW": "強制魔珠",
    "deDE": "Hypnotische Kugel",
    "esES": "Orbe Impositor",
    "frFR": "Orbe d’envoûtement",
    "itIT": "Sfera del Dominio",
    "koKR":"컴펠링 오브",
    "plPL": "Kula Zniewolenia",
    "esMX": "Orbe cautivante",
    "jaJP": "支配のオーブ",
    "ptBR": "Orbe Dominador",
    "ruRU": "Сфера Подчинения",
    "zhCN": "强迫之球"
  },
  {
    "id": 3301,
    "Key": "basket",
    "enUS": "Basket",
    "zhTW": "籃子",
    "deDE": "Korb",
    "esES": "Cesta",
    "frFR": "Corbeille",
    "itIT": "Cesta",
    "koKR":"바구니",
    "plPL": "Kosz",
    "esMX": "Canasto",
    "jaJP": "バスケット",
    "ptBR": "Cesta",
    "ruRU": "Корзина",
    "zhCN": "篮子"
  },
  {
    "id": 3302,
    "Key": "Basket",
    "enUS": "Basket",
    "zhTW": "籃子",
    "deDE": "Korb",
    "esES": "Cesta",
    "frFR": "Corbeille",
    "itIT": "Cesta",
    "koKR":"바구니",
    "plPL": "Kosz",
    "esMX": "Canasto",
    "jaJP": "バスケット",
    "ptBR": "Cesta",
    "ruRU": "Корзина",
    "zhCN": "篮子"
  },
  {
    "id": 3303,
    "Key": "RockPIle",
    "enUS": "Rock Pile",
    "zhTW": "石堆",
    "deDE": "Steinhaufen",
    "esES": "Montón de rocas",
    "frFR": "Amas de rochers",
    "itIT": "Mucchio di rocce",
    "koKR":"돌더미",
    "plPL": "Stos kamieni",
    "esMX": "Pila de rocas",
    "jaJP": "岩の山",
    "ptBR": "Monte de Pedras",
    "ruRU": "Груда булыжников",
    "zhCN": "岩石堆"
  },
  {
    "id": 3305,
    "Key": "dead body",
    "enUS": "Dead Body",
    "zhTW": "屍體",
    "deDE": "Toter Körper",
    "esES": "Cuerpo sin vida",
    "frFR": "Cadavre",
    "itIT": "Cadavere",
    "koKR":"죽은 소년",
    "plPL": "Zwłoki",
    "esMX": "Cadáver",
    "jaJP": "死体",
    "ptBR": "Cadáver",
    "ruRU": "Мертвое тело",
    "zhCN": "死尸"
  },
  {
    "id": 3306,
    "Key": "eunuch",
    "enUS": "Eunuch",
    "zhTW": "閹人",
    "deDE": "Eunuch",
    "esES": "Eunuco",
    "frFR": "Eunuque",
    "itIT": "Eunuco",
    "koKR":"죽은 사람",
    "plPL": "Eunuch",
    "esMX": "Eunuco",
    "jaJP": "宦官",
    "ptBR": "Eunuco",
    "ruRU": "Евнух",
    "zhCN": "阉人"
  },
  {
    "id": 3307,
    "Key": "dead guard",
    "enUS": "Dead Guard",
    "zhTW": "死亡的守衛",
    "deDE": "Toter Wächter",
    "esES": "Guardia muerto",
    "frFR": "Cadavre de garde",
    "itIT": "Guardia morta",
    "koKR":"죽은 경비병",
    "plPL": "Martwy strażnik",
    "esMX": "Guardia muerto",
    "jaJP": "衛兵の死体",
    "ptBR": "Guarda Morto",
    "ruRU": "Мертвый стражник",
    "zhCN": "死去的守卫"
  },
  {
    "id": 3308,
    "Key": "portal",
    "enUS": "Portal",
    "zhTW": "傳送門",
    "deDE": "Portal",
    "esES": "Portal",
    "frFR": "Portail",
    "itIT": "Portale",
    "koKR":"포탈",
    "plPL": "Portal",
    "esMX": "Portal",
    "jaJP": "ポータル",
    "ptBR": "Portal",
    "ruRU": "Портал",
    "zhCN": "传送门"
  },
  {
    "id": 3309,
    "Key": "sarcophagus",
    "enUS": "Sarcophagus",
    "zhTW": "石棺",
    "deDE": "Sarkophag",
    "esES": "Sarcófago",
    "frFR": "Sarcophage",
    "itIT": "Sarcofago",
    "koKR":"석관",
    "plPL": "Sarkofag",
    "esMX": "Sarcófago",
    "jaJP": "石棺",
    "ptBR": "Sarcófago",
    "ruRU": "Саркофаг",
    "zhCN": "石棺"
  },
  {
    "id": 3310,
    "Key": "dead villager",
    "enUS": "Dead Villager",
    "zhTW": "死亡的村民",
    "deDE": "Toter Dorfbewohner",
    "esES": "Aldeano muerto",
    "frFR": "Cadavre de villageois",
    "itIT": "Abitante morto",
    "koKR":"마을 주민 시체",
    "plPL": "Martwy wieśniak",
    "esMX": "Poblador muerto",
    "jaJP": "村人の死体",
    "ptBR": "Aldeão Morto",
    "ruRU": "Мертвый простолюдин",
    "zhCN": "遇难的村民"
  },
  {
    "id": 3311,
    "Key": "sewer lever",
    "enUS": "Sewer Lever",
    "zhTW": "下水道拉桿",
    "deDE": "Hebel für Kanalisation",
    "esES": "Palanca de cloaca",
    "frFR": "Levier des égouts",
    "itIT": "Leva delle fogne",
    "koKR":"하수로 레버",
    "plPL": "Dźwignia",
    "esMX": "Palanca de las cloacas",
    "jaJP": "下水道のレバー",
    "ptBR": "Alavanca do Esgoto",
    "ruRU": "Рычаг от лестницы в стоки",
    "zhCN": "下水道控制杆"
  },
  {
    "id": 3312,
    "Key": "sewer stairs",
    "enUS": "Sewer Stairs",
    "zhTW": "下水道樓梯",
    "deDE": "Treppe in Kanalisation",
    "esES": "Escaleras de cloaca",
    "frFR": "Escalier des égouts",
    "itIT": "Scale delle fogne",
    "koKR":"하수로 계단",
    "plPL": "Schody",
    "esMX": "Escaleras de las cloacas",
    "jaJP": "下水道の階段",
    "ptBR": "Escadas do Esgoto",
    "ruRU": "Лестница в стоки",
    "zhCN": "下水道阶梯"
  },
  {
    "id": 3313,
    "Key": "magic shrine",
    "enUS": "Magic Shrine",
    "zhTW": "魔法祭壇",
    "deDE": "Magischer Schrein",
    "esES": "Santuario mágico",
    "frFR": "Sanctuaire magique",
    "itIT": "Santuario magico",
    "koKR":"마법 성소",
    "plPL": "Magiczna kapliczka",
    "esMX": "Sagrario de magia",
    "jaJP": "魔術の祭壇",
    "ptBR": "Altar Mágico",
    "ruRU": "Святилище магии",
    "zhCN": "魔法圣坛"
  },
  {
    "id": 3315,
    "Key": "stash",
    "enUS": "Stash",
    "zhTW": "儲物箱",
    "deDE": "Schatz",
    "esES": "Alijo",
    "frFR": "Cache",
    "itIT": "Forziere",
    "koKR":"보관함",
    "plPL": "Skrytka",
    "esMX": "Arcón",
    "jaJP": "保管箱",
    "ptBR": "Baú",
    "ruRU": "Тайник",
    "zhCN": "储藏箱"
  },
  {
    "id": 3316,
    "Key": "guyq",
    "enUS": "Suffering Soul",
    "zhTW": "受苦的靈魂",
    "deDE": "Leidende Seele",
    "esES": "Alma en pena",
    "frFR": "Âme qui souffre",
    "itIT": "Anima sofferente",
    "koKR":"고통받는 영혼",
    "plPL": "Cierpiąca dusza",
    "esMX": "Alma en pena",
    "jaJP": "苦しむ魂",
    "ptBR": "Alma Agonizante",
    "ruRU": "Страдающая душа",
    "zhCN": "受难的灵魂"
  },
  {
    "id": 3317,
    "Key": "taintedsunaltar",
    "enUS": "Tainted Sun Altar",
    "zhTW": "蔽日祭壇",
    "deDE": "Entweihter Sonnenaltar",
    "esES": "Altar del Sol Mancillado",
    "frFR": "Autel du soleil maudit",
    "itIT": "Altare del Sole Corrotto",
    "koKR":"저주받은 태양의 제단",
    "plPL": "Ołtarz Zbrukanego Słońca",
    "esMX": "Altar del Sol mancillado",
    "jaJP": "穢された太陽の祭壇",
    "ptBR": "Altar do Sol Maculado",
    "ruRU": "Алтарь затмения",
    "zhCN": "被污染的太阳祭坛"
  },
  {
    "id": 3318,
    "Key": "Hellforge",
    "enUS": "Hellforge",
    "zhTW": "地獄熔爐",
    "deDE": "Höllenschmiede",
    "esES": "Fragua del Infierno",
    "frFR": "Forge des Enfers",
    "itIT": "Fornace Infernale",
    "koKR":"헬 포지",
    "plPL": "Piekielna Kuźnia",
    "esMX": "Forja Infernal",
    "jaJP": "地獄の炉",
    "ptBR": "Forja Infernal",
    "ruRU": "Адская кузня",
    "zhCN": "地狱熔炉"
  },
  {
    "id": 3320,
    "Key": "fissure",
    "enUS": "fissure",
    "zhTW": "裂隙",
    "deDE": "Riss - ",
    "esES": "Fisura",
    "frFR": "Fissure",
    "itIT": "Fenditura",
    "koKR":"갈라진 틈",
    "plPL": "szczelina",
    "esMX": "fisura",
    "jaJP": "亀裂",
    "ptBR": "fissura",
    "ruRU": "Расщелина",
    "zhCN": "裂隙"
  },
  {
    "id": 3321,
    "Key": "BoneChest",
    "enUS": "Bone Chest",
    "zhTW": "骨箱",
    "deDE": "Knochentruhe",
    "esES": "Arcón de huesos",
    "frFR": "Coffre en os",
    "itIT": "Forziere osseo",
    "koKR":"뼈로 이루어진 상자",
    "plPL": "Kościany schowek",
    "esMX": "Cofre de hueso",
    "jaJP": "骨の宝箱",
    "ptBR": "Baú de Ossos",
    "ruRU": "Костяной сундук",
    "zhCN": "骨箱"
  },
  {
    "id": 3322,
    "Key": "casket",
    "enUS": "Casket",
    "zhTW": "石柩",
    "deDE": "Sarg",
    "esES": "Ataúd",
    "frFR": "Cercueil",
    "itIT": "Sarcofago",
    "koKR":"바구니",
    "plPL": "Sarkofag",
    "esMX": "Ataúd",
    "jaJP": "棺",
    "ptBR": "Ataúde",
    "ruRU": "Саркофаг",
    "zhCN": "棺木"
  },
  {
    "id": 3323,
    "Key": "HungSkeleton",
    "enUS": "Hung Skeleton",
    "zhTW": "吊掛的骷髏",
    "deDE": "aufgehängtes Skelett",
    "esES": "Esqueleto colgado",
    "frFR": "Squelette pendu",
    "itIT": "Scheletro appeso",
    "koKR":"매달린 해골",
    "plPL": "Powieszony szkielet",
    "esMX": "Esqueleto colgado",
    "jaJP": "吊るされた骸骨",
    "ptBR": "Esqueleto Enforcado",
    "ruRU": "Подвешенный скелет",
    "zhCN": "被绞死的骷髅"
  },
  {
    "id": 3324,
    "Key": "pillar",
    "enUS": "Pillar",
    "zhTW": "柱子",
    "deDE": "Pfeiler",
    "esES": "Pilar",
    "frFR": "Pilier",
    "itIT": "Pilastro",
    "koKR":"기둥",
    "plPL": "Filar",
    "esMX": "Pilar",
    "jaJP": "柱",
    "ptBR": "Pilar",
    "ruRU": "Колонна",
    "zhCN": "柱子"
  },
  {
    "id": 3326,
    "Key": "Turret",
    "enUS": "a Turret",
    "zhTW": "塔台",
    "deDE": "ein Turm",
    "esES": "Una torreta",
    "frFR": "une tourelle",
    "itIT": "una torre",
    "koKR":"포탑",
    "plPL": "Wieżyczka",
    "esMX": "una torreta",
    "jaJP": "タレット",
    "ptBR": "uma Torre",
    "ruRU": "Турель",
    "zhCN": "箭塔"
  },
  {
    "id": 3327,
    "Key": "a trap",
    "enUS": "a Trap",
    "zhTW": "陷阱",
    "deDE": "eine Falle",
    "esES": "Una trampa",
    "frFR": "un piège",
    "itIT": "una trappola",
    "koKR":"함정",
    "plPL": "Pułapka",
    "esMX": "una trampa",
    "jaJP": "罠",
    "ptBR": "uma Armadilha",
    "ruRU": "Ловушка",
    "zhCN": "陷阱"
  },
  {
    "id": 22484,
    "Key": "POW",
    "enUS": "Barbarian Captive",
    "zhTW": "野蠻人俘虜",
    "deDE": "Gefangener Barbar",
    "esES": "Bárbaro cautivo",
    "frFR": "Barbare captif",
    "itIT": "Barbaro prigioniero",
    "koKR":"바바리안 포로",
    "plPL": "Uwięziony Barbarzyńca",
    "esMX": "Bárbaro cautivo",
    "jaJP": "バーバリアンの虜囚",
    "ptBR": "Bárbaro Aprisionado",
    "ruRU": "Пленный варвар",
    "zhCN": "野蛮人俘虏"
  },
  {
    "id": 22520,
    "Key": "chestr",
    "enUS": "Chest",
    "zhTW": "箱子",
    "deDE": "Truhe",
    "esES": "Arcón",
    "frFR": "Coffre",
    "itIT": "Forziere",
    "koKR":"상자",
    "plPL": "Skrzynia",
    "esMX": "Cofre",
    "jaJP": "宝箱",
    "ptBR": "Baú",
    "ruRU": "Сундук",
    "zhCN": "箱子"
  },
  {
    "id": 22521,
    "Key": "barrel wilderness",
    "enUS": "Barrel",
    "zhTW": "桶子",
    "deDE": "Fass",
    "esES": "Barril",
    "frFR": "Tonneau",
    "itIT": "Barile",
    "koKR":"통",
    "plPL": "Beczka",
    "esMX": "Barril",
    "jaJP": "樽",
    "ptBR": "Barril",
    "ruRU": "Бочка",
    "zhCN": "木桶"
  },
  {
    "id": 22522,
    "Key": "woodchestL",
    "enUS": "Wooden Chest",
    "zhTW": "木箱",
    "deDE": "Holztruhe",
    "esES": "Arcón de madera",
    "frFR": "Coffre en bois",
    "itIT": "Forziere di legno",
    "koKR":"나무 상자",
    "plPL": "Drewniana skrzynia",
    "esMX": "Cofre de madera",
    "jaJP": "木の宝箱",
    "ptBR": "Baú de Madeira",
    "ruRU": "Деревянный сундук",
    "zhCN": "木箱"
  },
  {
    "id": 22523,
    "Key": "burialchestL",
    "enUS": "Burial Chest",
    "zhTW": "陪葬品",
    "deDE": "Begräbnistruhe",
    "esES": "Arcón funerario",
    "frFR": "Coffre funéraire",
    "itIT": "Cassa sepolcrale",
    "koKR":"매장식 상자",
    "plPL": "Trumna",
    "esMX": "Cofre de entierro",
    "jaJP": "棺の宝箱",
    "ptBR": "Arca Funerária",
    "ruRU": "Погребальный сундук",
    "zhCN": "埋尸箱"
  },
  {
    "id": 22524,
    "Key": "burialchestR",
    "enUS": "Burial Chest",
    "zhTW": "陪葬品",
    "deDE": "Begräbnistruhe",
    "esES": "Arcón funerario",
    "frFR": "Coffre funéraire",
    "itIT": "Cassa sepolcrale",
    "koKR":"매장식 상자",
    "plPL": "Trumna",
    "esMX": "Cofre de entierro",
    "jaJP": "棺の宝箱",
    "ptBR": "Arca Funerária",
    "ruRU": "Погребальный сундук",
    "zhCN": "埋尸箱"
  },
  {
    "id": 22525,
    "Key": "well",
    "enUS": "Well",
    "zhTW": "井",
    "deDE": "Brunnen",
    "esES": "Pozo",
    "frFR": "Puits",
    "itIT": "Pozzo",
    "koKR":"우물",
    "plPL": "Studnia",
    "esMX": "Pozo",
    "jaJP": "泉",
    "ptBR": "Poço",
    "ruRU": "Колодец",
    "zhCN": "井"
  },
  {
    "id": 22526,
    "Key": "Waypoint",
    "enUS": "Waypoint",
    "zhTW": "傳送平台",
    "deDE": "Wegpunkt",
    "esES": "Transportador",
    "frFR": "Relais",
    "itIT": "Crocevia",
    "koKR":"웨이포인트",
    "plPL": "Punkt nawigacyjny",
    "esMX": "Traslocador",
    "jaJP": "ウェイポイント",
    "ptBR": "Marco de Senda",
    "ruRU": "Путевой камень",
    "zhCN": "传送点"
  },
  {
    "id": 22527,
    "Key": "ChestL",
    "enUS": "Chest",
    "zhTW": "箱子",
    "deDE": "Truhe",
    "esES": "Arcón",
    "frFR": "Coffre",
    "itIT": "Forziere",
    "koKR":"상자",
    "plPL": "Skrzynia",
    "esMX": "Cofre",
    "jaJP": "宝箱",
    "ptBR": "Baú",
    "ruRU": "Сундук",
    "zhCN": "箱子"
  },
  {
    "id": 22528,
    "Key": "ChestSL",
    "enUS": "Chest",
    "zhTW": "箱子",
    "deDE": "Truhe",
    "esES": "Arcón",
    "frFR": "Coffre",
    "itIT": "Forziere",
    "koKR":"상자",
    "plPL": "Skrzynia",
    "esMX": "Cofre",
    "jaJP": "宝箱",
    "ptBR": "Baú",
    "ruRU": "Сундук",
    "zhCN": "箱子"
  },
  {
    "id": 22529,
    "Key": "ChestSR",
    "enUS": "Chest",
    "zhTW": "箱子",
    "deDE": "Truhe",
    "esES": "Arcón",
    "frFR": "Coffre",
    "itIT": "Forziere",
    "koKR":"상자",
    "plPL": "Skrzynia",
    "esMX": "Cofre",
    "jaJP": "宝箱",
    "ptBR": "Baú",
    "ruRU": "Сундук ",
    "zhCN": "箱子"
  },
  {
    "id": 22530,
    "Key": "woodchestR",
    "enUS": "Wooden Chest",
    "zhTW": "木箱",
    "deDE": "Holztruhe",
    "esES": "Arcón de madera",
    "frFR": "Coffre en bois",
    "itIT": "Forziere di legno",
    "koKR":"나무 상자",
    "plPL": "Drewniana skrzynia",
    "esMX": "Cofre de madera",
    "jaJP": "木の宝箱",
    "ptBR": "Baú de Madeira",
    "ruRU": "Деревянный сундук",
    "zhCN": "木箱"
  },
  {
    "id": 22531,
    "Key": "chestR",
    "enUS": "Chest",
    "zhTW": "箱子",
    "deDE": "Truhe",
    "esES": "Arcón",
    "frFR": "Coffre",
    "itIT": "Forziere",
    "koKR":"상자",
    "plPL": "Skrzynia",
    "esMX": "Cofre",
    "jaJP": "宝箱",
    "ptBR": "Baú",
    "ruRU": "Сундук",
    "zhCN": "箱子"
  },
  {
    "id": 22532,
    "Key": "burningbodies",
    "enUS": "Pyre of Flesh",
    "zhTW": "屍骸火堆",
    "deDE": "Scheiterhaufen des Fleisches",
    "esES": "Pira de carne",
    "frFR": "Bûcher de chair",
    "itIT": "Pira di carne",
    "koKR":"파이어 오브 플레쉬",
    "plPL": "Stos ciał",
    "esMX": "Pira de cuerpos",
    "jaJP": "火葬死体",
    "ptBR": "Pira Cárnea",
    "ruRU": "Горящие останки",
    "zhCN": "肉堆"
  },
  {
    "id": 22533,
    "Key": "burningpit",
    "enUS": "Burning Pit",
    "zhTW": "燃燒的坑洞",
    "deDE": "Brennende Grube",
    "esES": "Foso abrasador",
    "frFR": "Brasier",
    "itIT": "Abisso fiammeggiante",
    "koKR":"버닝 피트",
    "plPL": "Płonąca jama",
    "esMX": "Fosa ardiente",
    "jaJP": "バーニング・ピット",
    "ptBR": "Fosso Flamejante",
    "ruRU": "Яма для сжигания",
    "zhCN": "燃烧坑"
  },
  {
    "id": 22534,
    "Key": "tribal flag",
    "enUS": "Tribal Flag",
    "zhTW": "部族的旗子",
    "deDE": "Stammesflagge",
    "esES": "Bandera tribal",
    "frFR": "Drapeau tribal",
    "itIT": "Bandiera tribale",
    "koKR":"부족 깃발",
    "plPL": "Plemienny sztandar",
    "esMX": "Bandera tribal",
    "jaJP": "部族の旗",
    "ptBR": "Bandeira Tribal",
    "ruRU": "Флаг племени",
    "zhCN": "部族旗帜"
  },
  {
    "id": 22535,
    "Key": "flag widlerness",
    "enUS": "Flag",
    "zhTW": "旗子",
    "deDE": "Flagge",
    "esES": "Bandera",
    "frFR": "Drapeau",
    "itIT": "Bandiera",
    "koKR":"깃발",
    "plPL": "Flaga",
    "esMX": "Bandera",
    "jaJP": "旗",
    "ptBR": "Bandeira",
    "ruRU": "Флаг",
    "zhCN": "旗帜"
  },
  {
    "id": 22536,
    "Key": "eflg",
    "enUS": "Town Flag",
    "zhTW": "城鎮的旗子",
    "deDE": "Stadtflagge",
    "esES": "Bandera de la ciudad",
    "frFR": "Drapeau de la ville",
    "itIT": "Bandiera cittadina",
    "koKR":"마을 깃발",
    "plPL": "Sztandar miejski",
    "esMX": "Bandera del poblado",
    "jaJP": "街の旗",
    "ptBR": "Bandeira da Cidade",
    "ruRU": "Городской флаг",
    "zhCN": "镇旗"
  },
  {
    "id": 22537,
    "Key": "chan",
    "enUS": "Chandelier",
    "zhTW": "吊燈",
    "deDE": "Kronleuchter",
    "esES": "Araña",
    "frFR": "Chandelier",
    "itIT": "Candeliere",
    "koKR":"샹들리에",
    "plPL": "Żyrandol",
    "esMX": "Candelabro",
    "jaJP": "シャンデリア",
    "ptBR": "Lustre",
    "ruRU": "Люстра",
    "zhCN": "吊灯"
  },
  {
    "id": 22538,
    "Key": "jar",
    "enUS": "Jar",
    "zhTW": "瓦罐",
    "deDE": "Krug",
    "esES": "Vasija",
    "frFR": "Jarre",
    "itIT": "Giara",
    "koKR":"항아리",
    "plPL": "Słój",
    "esMX": "Vasija",
    "jaJP": "瓶",
    "ptBR": "Jarro",
    "ruRU": "Кувшин",
    "zhCN": "罐子"
  },
  {
    "id": 22539,
    "Key": "jar2",
    "enUS": "Jar",
    "zhTW": "瓦罐",
    "deDE": "Krug",
    "esES": "Vasija",
    "frFR": "Jarre",
    "itIT": "Giara",
    "koKR":"항아리",
    "plPL": "Słój",
    "esMX": "Vasija",
    "jaJP": "瓶",
    "ptBR": "Jarro",
    "ruRU": "Кувшин",
    "zhCN": "罐子"
  },
  {
    "id": 22540,
    "Key": "jar3",
    "enUS": "Jar",
    "zhTW": "瓦罐",
    "deDE": "Krug",
    "esES": "Vasija",
    "frFR": "Jarre",
    "itIT": "Giara",
    "koKR":"항아리",
    "plPL": "Słój",
    "esMX": "Vasija",
    "jaJP": "瓶",
    "ptBR": "Jarro",
    "ruRU": "Кувшин",
    "zhCN": "罐子"
  },
  {
    "id": 22541,
    "Key": "swingingheads",
    "enUS": "Swinging Heads",
    "zhTW": "懸掛的屍骨",
    "deDE": "Schwingende Köpfe",
    "esES": "Cabezas oscilantes",
    "frFR": "Têtes pendues",
    "itIT": "Teste oscillanti",
    "koKR":"스윙잉 헤드",
    "plPL": "Wiszące szczątki",
    "esMX": "Cabezas colgantes",
    "jaJP": "揺れる頭",
    "ptBR": "Cabeças Oscilantes",
    "ruRU": "Качающиеся головы",
    "zhCN": "晃荡的人头"
  },
  {
    "id": 22542,
    "Key": "pole",
    "enUS": "Pole",
    "zhTW": "柱子",
    "deDE": "Stange",
    "esES": "Poste",
    "frFR": "Hampe",
    "itIT": "Palo",
    "koKR":"장대",
    "plPL": "Słup",
    "esMX": "Poste",
    "jaJP": "ポール",
    "ptBR": "Haste",
    "ruRU": "Шест",
    "zhCN": "柱子"
  },
  {
    "id": 22543,
    "Key": "animatedskullsandrocks",
    "enUS": "Skulls and Rocks",
    "zhTW": "骷髏和石塊",
    "deDE": "Schädel und Felsen",
    "esES": "Cráneos y rocas",
    "frFR": "Crânes et pierres",
    "itIT": "Teschi e rocce",
    "koKR":"해골더미",
    "plPL": "Czaszki na kamieniach",
    "esMX": "Cráneos y rocas",
    "jaJP": "岩石とドクロの山",
    "ptBR": "Caveiras e Pedras",
    "ruRU": "Черепа и камни",
    "zhCN": "头骨与石块"
  },
  {
    "id": 22544,
    "Key": "hellgate",
    "enUS": "Hell Gate",
    "zhTW": "地獄之門",
    "deDE": "Höllenpforte",
    "esES": "Puerta del infierno",
    "frFR": "Porte des Enfers",
    "itIT": "Portale infernale",
    "koKR":"헬 게이트",
    "plPL": "Brama Piekieł",
    "esMX": "Portal del Infierno",
    "jaJP": "地獄の門",
    "ptBR": "Portão Infernal",
    "ruRU": "Врата Преисподней",
    "zhCN": "地狱门"
  },
  {
    "id": 22545,
    "Key": "gate",
    "enUS": "Main Gate",
    "zhTW": "大門",
    "deDE": "Haupttor",
    "esES": "Puerta principal",
    "frFR": "Porte principale",
    "itIT": "Portale principale",
    "koKR":"메인 게이트",
    "plPL": "Brama główna",
    "esMX": "Puerta principal",
    "jaJP": "正門",
    "ptBR": "Portão Principal",
    "ruRU": "Главные врата",
    "zhCN": "大门"
  },
  {
    "id": 22546,
    "Key": "banner1",
    "enUS": "Banner",
    "zhTW": "戰旗",
    "deDE": "Banner",
    "esES": "Estandarte",
    "frFR": "Bannière",
    "itIT": "Stendardo",
    "koKR":"배너",
    "plPL": "Sztandar",
    "esMX": "Estandarte",
    "jaJP": "旗",
    "ptBR": "Estandarte",
    "ruRU": "Знамя",
    "zhCN": "战旗"
  },
  {
    "id": 22547,
    "Key": "banner2",
    "enUS": "Banner",
    "zhTW": "戰旗",
    "deDE": "Banner",
    "esES": "Estandarte",
    "frFR": "Bannière",
    "itIT": "Stendardo",
    "koKR":"배너",
    "plPL": "Sztandar",
    "esMX": "Estandarte",
    "jaJP": "旗",
    "ptBR": "Estandarte",
    "ruRU": "Знамя",
    "zhCN": "战旗"
  },
  {
    "id": 22548,
    "Key": "mrpole",
    "enUS": "Pole",
    "zhTW": "柱子",
    "deDE": "Stange",
    "esES": "Poste",
    "frFR": "Hampe",
    "itIT": "Palo",
    "koKR":"장대",
    "plPL": "Słup",
    "esMX": "Poste",
    "jaJP": "ポール",
    "ptBR": "Haste",
    "ruRU": "Шест",
    "zhCN": "柱子"
  },
  {
    "id": 22549,
    "Key": "pene",
    "enUS": "Stash",
    "zhTW": "柵欄",
    "deDE": "Schatz",
    "esES": "Alijo",
    "frFR": "Planque",
    "itIT": "Cancello",
    "koKR":"보관함",
    "plPL": "Palisada",
    "esMX": "Arcón",
    "jaJP": "隠し場所",
    "ptBR": "Baú",
    "ruRU": "Тайник",
    "zhCN": "藏匿处"
  },
  {
    "id": 22550,
    "Key": "debris",
    "enUS": "Debris",
    "zhTW": "殘骸",
    "deDE": "Trümmer",
    "esES": "Escombros",
    "frFR": "Débris",
    "itIT": "Detriti",
    "koKR":"부스러기",
    "plPL": "Gruzy",
    "esMX": "Restos",
    "jaJP": "がれき",
    "ptBR": "Destroços",
    "ruRU": "Обломки",
    "zhCN": "残骸"
  },
  {
    "id": 22551,
    "Key": "woodchest2R",
    "enUS": "Wooden Chest",
    "zhTW": "木箱",
    "deDE": "Holztruhe",
    "esES": "Arcón de madera",
    "frFR": "Coffre en bois",
    "itIT": "Forziere di legno",
    "koKR":"나무 상자",
    "plPL": "Drewniana skrzynia",
    "esMX": "Cofre de madera",
    "jaJP": "木の宝箱",
    "ptBR": "Baú de Madeira",
    "ruRU": "Деревянный сундук",
    "zhCN": "木箱"
  },
  {
    "id": 22552,
    "Key": "woodchest2L",
    "enUS": "Wooden Chest",
    "zhTW": "木箱",
    "deDE": "Holztruhe",
    "esES": "Arcón de madera",
    "frFR": "Coffre en bois",
    "itIT": "Forziere di legno",
    "koKR":"나무 상자",
    "plPL": "Drewniana skrzynia",
    "esMX": "Cofre de madera",
    "jaJP": "木の宝箱",
    "ptBR": "Baú de Madeira",
    "ruRU": "Деревянный сундук",
    "zhCN": "木箱"
  },
  {
    "id": 22553,
    "Key": "object1",
    "enUS": "Hidden Stash",
    "zhTW": "隱藏的物品",
    "deDE": "versteckter Schatz",
    "esES": "Alijo oculto",
    "frFR": "Réserve secrète",
    "itIT": "Forziere nascosto",
    "koKR":"숨겨진 보관함",
    "plPL": "Skrytka",
    "esMX": "Alijo oculto",
    "jaJP": "秘密の隠し場所",
    "ptBR": "Estoque Oculto",
    "ruRU": "Тайные припасы",
    "zhCN": "藏匿物"
  },
  {
    "id": 22554,
    "Key": "magic shrine2",
    "enUS": "Magic Shrine",
    "zhTW": "魔法祭壇",
    "deDE": "Magischer Schrein",
    "esES": "Santuario mágico",
    "frFR": "Sanctuaire magique",
    "itIT": "Santuario magico",
    "koKR":"마법 성소",
    "plPL": "Magiczna kapliczka",
    "esMX": "Sagrario de magia",
    "jaJP": "魔術の祭壇",
    "ptBR": "Altar Mágico",
    "ruRU": "Святилище магии",
    "zhCN": "魔法圣坛"
  },
  {
    "id": 22555,
    "Key": "torch2",
    "enUS": "Torch",
    "zhTW": "火炬",
    "deDE": "Fackel",
    "esES": "Antorcha",
    "frFR": "Torche",
    "itIT": "Torcia",
    "koKR":"토치",
    "plPL": "Pochodnia",
    "esMX": "Antorcha",
    "jaJP": "たいまつ",
    "ptBR": "Tocha",
    "ruRU": "Факел",
    "zhCN": "火把"
  },
  {
    "id": 22556,
    "Key": "torch1",
    "enUS": "Torch",
    "zhTW": "火炬",
    "deDE": "Fackel",
    "esES": "Antorcha",
    "frFR": "Torche",
    "itIT": "Torcia",
    "koKR":"토치",
    "plPL": "Pochodnia",
    "esMX": "Antorcha",
    "jaJP": "たいまつ",
    "ptBR": "Tocha",
    "ruRU": "Факел",
    "zhCN": "火把"
  },
  {
    "id": 22557,
    "Key": "tomb3",
    "enUS": "Tomb",
    "zhTW": "古墓",
    "deDE": "Grab",
    "esES": "Tumba",
    "frFR": "Tombe",
    "itIT": "Tomba",
    "koKR":"무덤",
    "plPL": "Grobowiec",
    "esMX": "Tumba",
    "jaJP": "墓",
    "ptBR": "Tumba",
    "ruRU": "Могила",
    "zhCN": "墓"
  },
  {
    "id": 22558,
    "Key": "tomb2",
    "enUS": "Tomb",
    "zhTW": "古墓",
    "deDE": "Grab",
    "esES": "Tumba",
    "frFR": "Tombe",
    "itIT": "Tomba",
    "koKR":"무덤",
    "plPL": "Grobowiec",
    "esMX": "Tumba",
    "jaJP": "墓",
    "ptBR": "Tumba",
    "ruRU": "Могила",
    "zhCN": "墓"
  },
  {
    "id": 22559,
    "Key": "tomb1",
    "enUS": "Tomb",
    "zhTW": "古墓",
    "deDE": "Grab",
    "esES": "Tumba",
    "frFR": "Tombe",
    "itIT": "Tomba",
    "koKR":"무덤",
    "plPL": "Grobowiec",
    "esMX": "Tumba",
    "jaJP": "墓",
    "ptBR": "Tumba",
    "ruRU": "Могила",
    "zhCN": "墓"
  },
  {
    "id": 22560,
    "Key": "ttor",
    "enUS": "Torch",
    "zhTW": "火炬",
    "deDE": "Fackel",
    "esES": "Antorcha",
    "frFR": "Torche",
    "itIT": "Torcia",
    "koKR":"토치",
    "plPL": "Pochodnia",
    "esMX": "Antorcha",
    "jaJP": "たいまつ",
    "ptBR": "Tocha",
    "ruRU": "Факел",
    "zhCN": "火把"
  },
  {
    "id": 22561,
    "Key": "icecave_torch2",
    "enUS": "Torch",
    "zhTW": "火炬",
    "deDE": "Fackel",
    "esES": "Antorcha",
    "frFR": "Torche",
    "itIT": "Torcia",
    "koKR":"토치",
    "plPL": "Pochodnia",
    "esMX": "Antorcha",
    "jaJP": "たいまつ",
    "ptBR": "Tocha",
    "ruRU": "Факел",
    "zhCN": "火把"
  },
  {
    "id": 22562,
    "Key": "icecave_torch1",
    "enUS": "Torch",
    "zhTW": "火炬",
    "deDE": "Fackel",
    "esES": "Antorcha",
    "frFR": "Torche",
    "itIT": "Torcia",
    "koKR":"토치",
    "plPL": "Pochodnia",
    "esMX": "Antorcha",
    "jaJP": "たいまつ",
    "ptBR": "Tocha",
    "ruRU": "Факел",
    "zhCN": "火把"
  },
  {
    "id": 22563,
    "Key": "clientsmoke",
    "enUS": "Smoke",
    "zhTW": "煙霧",
    "deDE": "Rauch",
    "esES": "Humo",
    "frFR": "Fumée",
    "itIT": "Fumo",
    "koKR":"스모크",
    "plPL": "Dym",
    "esMX": "Humo",
    "jaJP": "煙",
    "ptBR": "Fumaça",
    "ruRU": "Дым",
    "zhCN": "烟雾"
  },
  {
    "id": 22564,
    "Key": "deadbarbarian",
    "enUS": "Dead Barbarian",
    "zhTW": "死亡的野蠻人",
    "deDE": "Toter Barbar",
    "esES": "Bárbaro muerto",
    "frFR": "Cadavre de barbare",
    "itIT": "Barbaro morto",
    "koKR":"바바리안 시체",
    "plPL": "Martwy barbarzyńca",
    "esMX": "Bárbaro muerto",
    "jaJP": "バーバリアンの死体",
    "ptBR": "Bárbaro Morto",
    "ruRU": "Мертвый варвар",
    "zhCN": "死去的野蛮人"
  },
  {
    "id": 22565,
    "Key": "deadbarbarian18",
    "enUS": "Dead Barbarian",
    "zhTW": "死亡的野蠻人",
    "deDE": "Toter Barbar",
    "esES": "Bárbaro muerto",
    "frFR": "Cadavre de barbare",
    "itIT": "Barbaro morto",
    "koKR":"바바리안 시체",
    "plPL": "Martwy barbarzyńca",
    "esMX": "Bárbaro muerto",
    "jaJP": "バーバリアンの死体",
    "ptBR": "Bárbaro Morto",
    "ruRU": "Мертвый варвар",
    "zhCN": "死去的野蛮人"
  },
  {
    "id": 22566,
    "Key": "uncle f#%* comedy central(c)",
    "enUS": "Moe",
    "zhTW": "老莫",
    "deDE": "Moe",
    "esES": "Moe",
    "frFR": "Pim",
    "itIT": "Moe",
    "koKR":"모오",
    "plPL": "Moe",
    "esMX": "Moe",
    "jaJP": "モー",
    "ptBR": "Moe",
    "ruRU": "Мо",
    "zhCN": "莫伊"
  },
  {
    "id": 22567,
    "Key": "cagedwussie1",
    "enUS": "Cage",
    "zhTW": "籠子",
    "deDE": "Käfig",
    "esES": "Jaula",
    "frFR": "Cage",
    "itIT": "Gabbia",
    "koKR":"케이지",
    "plPL": "Klatka",
    "esMX": "Jaula",
    "jaJP": "檻",
    "ptBR": "Gaiola",
    "ruRU": "Клетка",
    "zhCN": "笼子"
  },
  {
    "id": 22568,
    "Key": "icecaveshrine2",
    "enUS": "Shrine",
    "zhTW": "祭壇",
    "deDE": "Schrein",
    "esES": "Santuario",
    "frFR": "Sanctuaire",
    "itIT": "Santuario",
    "koKR":"성소",
    "plPL": "Kapliczka",
    "esMX": "Sagrario",
    "jaJP": "祭壇",
    "ptBR": "Altar",
    "ruRU": "Святилище",
    "zhCN": "圣坛"
  },
  {
    "id": 22569,
    "Key": "icecavejar4",
    "enUS": "Jar",
    "zhTW": "瓦罐",
    "deDE": "Krug",
    "esES": "Vasija",
    "frFR": "Jarre",
    "itIT": "Giara",
    "koKR":"항아리",
    "plPL": "Słój",
    "esMX": "Vasija",
    "jaJP": "瓶",
    "ptBR": "Jarro",
    "ruRU": "Кувшин",
    "zhCN": "罐子"
  },
  {
    "id": 22570,
    "Key": "icecavejar3",
    "enUS": "Jar",
    "zhTW": "瓦罐",
    "deDE": "Krug",
    "esES": "Vasija",
    "frFR": "Jarre",
    "itIT": "Giara",
    "koKR":"항아리",
    "plPL": "Słój",
    "esMX": "Vasija",
    "jaJP": "瓶",
    "ptBR": "Jarro",
    "ruRU": "Кувшин",
    "zhCN": "罐子"
  },
  {
    "id": 22571,
    "Key": "icecavejar2",
    "enUS": "Jar",
    "zhTW": "瓦罐",
    "deDE": "Krug",
    "esES": "Vasija",
    "frFR": "Jarre",
    "itIT": "Giara",
    "koKR":"항아리",
    "plPL": "Słój",
    "esMX": "Vasija",
    "jaJP": "瓶",
    "ptBR": "Jarro",
    "ruRU": "Кувшин",
    "zhCN": "罐子"
  },
  {
    "id": 22572,
    "Key": "icecavejar1",
    "enUS": "Jar",
    "zhTW": "瓦罐",
    "deDE": "Krug",
    "esES": "Vasija",
    "frFR": "Jarre",
    "itIT": "Giara",
    "koKR":"항아리",
    "plPL": "Słój",
    "esMX": "Vasija",
    "jaJP": "瓶",
    "ptBR": "Jarro",
    "ruRU": "Кувшин",
    "zhCN": "罐子"
  },
  {
    "id": 22573,
    "Key": "evilurn",
    "enUS": "Evil Urn",
    "zhTW": "邪甕",
    "deDE": "Böse Urne",
    "esES": "Urna maligna",
    "frFR": "Urne maléfique",
    "itIT": "Urna malefica",
    "koKR":"사악한 단지",
    "plPL": "Złowroga urna",
    "esMX": "Urna maligna",
    "jaJP": "邪悪な壺",
    "ptBR": "Urna Maligna",
    "ruRU": "Темная урна",
    "zhCN": "邪瓮"
  },
  {
    "id": 22574,
    "Key": "secret object",
    "enUS": "secret object",
    "zhTW": "秘密物品",
    "deDE": "Geheimer Gegenstand",
    "esES": "Objeto secreto",
    "frFR": "objet secret",
    "itIT": "Oggetto segreto",
    "koKR":"숨겨진 상자",
    "plPL": "tajemniczy obiekt",
    "esMX": "objeto secreto",
    "jaJP": "謎の物体",
    "ptBR": "objeto secreto",
    "ruRU": "Секретный предмет",
    "zhCN": "秘密物品"
  },
  {
    "id": 22575,
    "Key": "Altar",
    "enUS": "Altar",
    "zhTW": "祭壇",
    "deDE": "Altar",
    "esES": "Altar",
    "frFR": "Autel",
    "itIT": "Altare",
    "koKR":"제단",
    "plPL": "Ołtarz",
    "esMX": "Altar",
    "jaJP": "祭壇",
    "ptBR": "Altar",
    "ruRU": "Алтарь",
    "zhCN": "祭坛"
  },
  {
    "id": 22576,
    "Key": "Ldeathpole",
    "enUS": "Death Pole",
    "zhTW": "死亡之柱",
    "deDE": "Todespfahl",
    "esES": "Poste mortal",
    "frFR": "Hampe de la mort",
    "itIT": "Palo della morte",
    "koKR":"데쓰 폴",
    "plPL": "Pręgierz",
    "esMX": "Poste de muerte",
    "jaJP": "デス・ポール",
    "ptBR": "Haste Fúnebre",
    "ruRU": "Шест для казни",
    "zhCN": "死刑柱"
  },
  {
    "id": 22577,
    "Key": "deathpole",
    "enUS": "Death Pole",
    "zhTW": "死亡之柱",
    "deDE": "Todespfahl",
    "esES": "Poste mortal",
    "frFR": "Hampe de la mort",
    "itIT": "Palo della morte",
    "koKR":"데쓰 폴",
    "plPL": "Pręgierz",
    "esMX": "Poste de muerte",
    "jaJP": "デス・ポール",
    "ptBR": "Haste Fúnebre",
    "ruRU": "Шест для казни",
    "zhCN": "死刑柱"
  },
  {
    "id": 22578,
    "Key": "explodingchest",
    "enUS": "Chest",
    "zhTW": "箱子",
    "deDE": "Truhe",
    "esES": "Arcón",
    "frFR": "Coffre",
    "itIT": "Forziere",
    "koKR":"상자",
    "plPL": "Skrzynia",
    "esMX": "Cofre",
    "jaJP": "宝箱",
    "ptBR": "Baú",
    "ruRU": "Сундук",
    "zhCN": "箱子"
  },
  {
    "id": 22579,
    "Key": "banner 2",
    "enUS": "Banner",
    "zhTW": "戰旗",
    "deDE": "Banner",
    "esES": "Estandarte",
    "frFR": "Bannière",
    "itIT": "Stendardo",
    "koKR":"배너",
    "plPL": "Sztandar",
    "esMX": "Estandarte",
    "jaJP": "旗",
    "ptBR": "Estandarte",
    "ruRU": "Знамя",
    "zhCN": "战旗"
  },
  {
    "id": 22580,
    "Key": "banner 1",
    "enUS": "Banner",
    "zhTW": "戰旗",
    "deDE": "Banner",
    "esES": "Estandarte",
    "frFR": "Bannière",
    "itIT": "Stendardo",
    "koKR":"배너",
    "plPL": "Sztandar",
    "esMX": "Estandarte",
    "jaJP": "旗",
    "ptBR": "Estandarte",
    "ruRU": "Знамя",
    "zhCN": "战旗"
  },
  {
    "id": 22581,
    "Key": "pileofskullsandrocks",
    "enUS": "Skulls and Rocks",
    "zhTW": "骷髏和石塊",
    "deDE": "Schädel und Felsen",
    "esES": "Cráneos y rocas",
    "frFR": "Crânes et pierres",
    "itIT": "Teschi e rocce",
    "koKR":"해골더미",
    "plPL": "Czaszki na kamieniach",
    "esMX": "Cráneos y rocas",
    "jaJP": "岩石とドクロの山",
    "ptBR": "Caveiras e Pedras",
    "ruRU": "Черепа и камни",
    "zhCN": "头骨与石块"
  },
  {
    "id": 22582,
    "Key": "animated skulland rockpile",
    "enUS": "Skulls and Rocks",
    "zhTW": "骷髏和石塊",
    "deDE": "Schädel und Felsen",
    "esES": "Cráneos y rocas",
    "frFR": "Crânes et pierres",
    "itIT": "Teschi e rocce",
    "koKR":"해골더미",
    "plPL": "Czaszki na kamieniach",
    "esMX": "Cráneos y rocas",
    "jaJP": "岩石とドクロの山",
    "ptBR": "Caveiras e Pedras",
    "ruRU": "Черепа и камни",
    "zhCN": "头骨与石块"
  },
  {
    "id": 22583,
    "Key": "jar1",
    "enUS": "Jar",
    "zhTW": "瓦罐",
    "deDE": "Krug",
    "esES": "Vasija",
    "frFR": "Jarre",
    "itIT": "Giara",
    "koKR":"항아리",
    "plPL": "Słój",
    "esMX": "Vasija",
    "jaJP": "瓶",
    "ptBR": "Jarro",
    "ruRU": "Кувшин",
    "zhCN": "罐子"
  },
  {
    "id": 22584,
    "Key": "etorch2",
    "enUS": "Torch",
    "zhTW": "火炬",
    "deDE": "Fackel",
    "esES": "Antorcha",
    "frFR": "Torche",
    "itIT": "Torcia",
    "koKR":"토치",
    "plPL": "Pochodnia",
    "esMX": "Antorcha",
    "jaJP": "たいまつ",
    "ptBR": "Tocha",
    "ruRU": "Факел",
    "zhCN": "火把"
  },
  {
    "id": 22585,
    "Key": "ettr",
    "enUS": "Torch",
    "zhTW": "火炬",
    "deDE": "Fackel",
    "esES": "Antorcha",
    "frFR": "Torche",
    "itIT": "Torcia",
    "koKR":"토치",
    "plPL": "Pochodnia",
    "esMX": "Antorcha",
    "jaJP": "たいまつ",
    "ptBR": "Tocha",
    "ruRU": "Факел",
    "zhCN": "火把"
  },
  {
    "id": 22586,
    "Key": "ecfra",
    "enUS": "Fire",
    "zhTW": "營火",
    "deDE": "Feuer",
    "esES": "Fuego",
    "frFR": "Feu",
    "itIT": "Fuoco",
    "koKR":"파이어",
    "plPL": "Ognisko",
    "esMX": "Fuego",
    "jaJP": "炎",
    "ptBR": "Fogo",
    "ruRU": "Костер",
    "zhCN": "火堆"
  },
  {
    "id": 22587,
    "Key": "etorch1",
    "enUS": "Torch",
    "zhTW": "火炬",
    "deDE": "Fackel",
    "esES": "Antorcha",
    "frFR": "Torche",
    "itIT": "Torcia",
    "koKR":"토치",
    "plPL": "Pochodnia",
    "esMX": "Antorcha",
    "jaJP": "たいまつ",
    "ptBR": "Tocha",
    "ruRU": "Факел",
    "zhCN": "火把"
  },
  {
    "id": 22588,
    "Key": "healthshrine",
    "enUS": "Health Shrine",
    "zhTW": "生命聖壇",
    "deDE": "Gesundheitsschrein",
    "esES": "Santuario de salud",
    "frFR": "Sanctuaire de santé",
    "itIT": "Santuario della salute",
    "koKR":"생명의 성소",
    "plPL": "Kapliczka zdrowia",
    "esMX": "Sagrario de vida",
    "jaJP": "命の祭壇",
    "ptBR": "Altar de Vida",
    "ruRU": "Святилище здоровья",
    "zhCN": "生命圣坛"
  },
  {
    "id": 22589,
    "Key": "explodingbarrel",
    "enUS": "Barrel",
    "zhTW": "桶子",
    "deDE": "Fass",
    "esES": "Barril",
    "frFR": "Tonneau",
    "itIT": "Barile",
    "koKR":"통",
    "plPL": "Beczka",
    "esMX": "Barril",
    "jaJP": "樽",
    "ptBR": "Barril",
    "ruRU": "Бочка",
    "zhCN": "桶"
  },
  {
    "id": 22590,
    "Key": "flag wilderness",
    "enUS": "Flag",
    "zhTW": "旗子",
    "deDE": "Flagge",
    "esES": "Bandera",
    "frFR": "Drapeau",
    "itIT": "Bandiera",
    "koKR":"깃발",
    "plPL": "Sztandar",
    "esMX": "Bandera",
    "jaJP": "旗",
    "ptBR": "Bandeira",
    "ruRU": "Флаг",
    "zhCN": "旗帜"
  },
  {
    "id": 22591,
    "Key": "object",
    "enUS": "Hidden Stash",
    "zhTW": "隱藏的物品",
    "deDE": "versteckter Schatz",
    "esES": "Alijo oculto",
    "frFR": "Réserve secrète",
    "itIT": "Forziere nascosto",
    "koKR":"숨겨진 보관함",
    "plPL": "Skrytka",
    "esMX": "Alijo oculto",
    "jaJP": "秘密の隠し場所",
    "ptBR": "Estoque Oculto",
    "ruRU": "Тайные припасы",
    "zhCN": "藏匿物"
  },
  {
    "id": 22594,
    "Key": "pyox",
    "enUS": "Fire Pit",
    "zhTW": "火坑",
    "deDE": "Feuergrube",
    "esES": "Foso de fuego",
    "frFR": "Puits de feu",
    "itIT": "Fossa infuocata",
    "koKR":"파이어 피트",
    "plPL": "Ognista jama",
    "esMX": "Fosa de fuego",
    "jaJP": "ファイア・ピット",
    "ptBR": "Fosso Ígneo",
    "ruRU": "Огненная яма",
    "zhCN": "火坑"
  },
  {
    "id": 22595,
    "Key": "ptox",
    "enUS": "Torch Pit",
    "zhTW": "火炬坑",
    "deDE": "Flammengrube",
    "esES": "Foso de antorchas",
    "frFR": "Puits ardent",
    "itIT": "Torcia infuocata",
    "koKR":"토치 피트",
    "plPL": "Palenisko",
    "esMX": "Fosa de antorchas",
    "jaJP": "トーチ・ピット",
    "ptBR": "Fosso Luminoso",
    "ruRU": "Яма с факелами",
    "zhCN": "火盆"
  },
  {
    "id": 22596,
    "Key": "Siege Control",
    "enUS": "Siege Control",
    "zhTW": "圍城控制器",
    "deDE": "Belagerungskontrolle",
    "esES": "Control de asedio",
    "frFR": "Contrôle de siège",
    "itIT": "Controllo assedio",
    "koKR":"시즈 콘트롤",
    "plPL": "Wajcha",
    "esMX": "Control de asedio",
    "jaJP": "シージ装置",
    "ptBR": "Controle de Cerco",
    "ruRU": "Осадный механизм",
    "zhCN": "攻城机关"
  },
  {
    "id": 22597,
    "Key": "mrjar",
    "enUS": "Hidden Stash",
    "zhTW": "隱藏的物品",
    "deDE": "Versteckter Schatz",
    "esES": "Alijo oculto",
    "frFR": "Réserve secrète",
    "itIT": "Forziere nascosto",
    "koKR":"숨겨진 보관함",
    "plPL": "Skrytka",
    "esMX": "Alijo oculto",
    "jaJP": "秘密の隠し場所",
    "ptBR": "Estoque Oculto",
    "ruRU": "Тайник",
    "zhCN": "藏匿物"
  },
  {
    "id": 22598,
    "Key": "object2",
    "enUS": "Hidden Stash",
    "zhTW": "隱藏的物品",
    "deDE": "versteckter Schatz",
    "esES": "Alijo oculto",
    "frFR": "Réserve secrète",
    "itIT": "Forziere nascosto",
    "koKR":"숨겨진 보관함",
    "plPL": "Skrytka",
    "esMX": "Alijo oculto",
    "jaJP": "秘密の隠し場所",
    "ptBR": "Estoque Oculto",
    "ruRU": "Тайные припасы",
    "zhCN": "藏匿物"
  },
  {
    "id": 22599,
    "Key": "mrbox",
    "enUS": "Box",
    "zhTW": "箱子",
    "deDE": "Kasten",
    "esES": "Caja",
    "frFR": "Boîte",
    "itIT": "Scatola",
    "koKR":"상자",
    "plPL": "Pudło",
    "esMX": "Caja",
    "jaJP": "箱",
    "ptBR": "Caixa",
    "ruRU": "Коробка",
    "zhCN": "盒子"
  },
  {
    "id": 22600,
    "Key": "tomb3L",
    "enUS": "Tomb",
    "zhTW": "古墓",
    "deDE": "Grab",
    "esES": "Tumba",
    "frFR": "Tombe",
    "itIT": "Tomba",
    "koKR":"무덤",
    "plPL": "Grobowiec",
    "esMX": "Tumba",
    "jaJP": "墓",
    "ptBR": "Tumba",
    "ruRU": "Гробница",
    "zhCN": "墓"
  },
  {
    "id": 22601,
    "Key": "tomb2L",
    "enUS": "Tomb",
    "zhTW": "古墓",
    "deDE": "Grab",
    "esES": "Tumba",
    "frFR": "Tombe",
    "itIT": "Tomba",
    "koKR":"무덤",
    "plPL": "Grobowiec",
    "esMX": "Tumba",
    "jaJP": "墓",
    "ptBR": "Tumba",
    "ruRU": "Гробница",
    "zhCN": "墓"
  },
  {
    "id": 22602,
    "Key": "tomb1L",
    "enUS": "Tomb",
    "zhTW": "古墓",
    "deDE": "Grab",
    "esES": "Tumba",
    "frFR": "Tombe",
    "itIT": "Tomba",
    "koKR":"무덤",
    "plPL": "Grobowiec",
    "esMX": "Tumba",
    "jaJP": "墓",
    "ptBR": "Tumba",
    "ruRU": "Гробница",
    "zhCN": "墓"
  },
  {
    "id": 22603,
    "Key": "red light",
    "enUS": "Red Light",
    "zhTW": "紅光",
    "deDE": "Rotlicht",
    "esES": "Luz roja",
    "frFR": "Lumière rouge",
    "itIT": "Luce rossa",
    "koKR":"레드 라이트",
    "plPL": "Czerwone światło",
    "esMX": "Luz roja",
    "jaJP": "赤い光",
    "ptBR": "Luz Vermelha",
    "ruRU": "Красный светильник",
    "zhCN": "红光"
  },
  {
    "id": 22604,
    "Key": "groundtombL",
    "enUS": "Tomb",
    "zhTW": "古墓",
    "deDE": "Grab",
    "esES": "Tumba",
    "frFR": "Tombe",
    "itIT": "Tomba",
    "koKR":"무덤",
    "plPL": "Grobowiec",
    "esMX": "Tumba",
    "jaJP": "墓",
    "ptBR": "Tumba",
    "ruRU": "Гробница",
    "zhCN": "墓"
  },
  {
    "id": 22605,
    "Key": "groundtomb",
    "enUS": "Tomb",
    "zhTW": "古墓",
    "deDE": "Grab",
    "esES": "Tumba",
    "frFR": "Tombe",
    "itIT": "Tomba",
    "koKR":"무덤",
    "plPL": "Grobowiec",
    "esMX": "Tumba",
    "jaJP": "墓",
    "ptBR": "Tumba",
    "ruRU": "Гробница",
    "zhCN": "墓"
  },
  {
    "id": 22606,
    "Key": "deadperson",
    "enUS": "Corpse",
    "zhTW": "屍體",
    "deDE": "Kadaver",
    "esES": "Cadáver",
    "frFR": "Cadavre",
    "itIT": "Cadavere",
    "koKR":"시체",
    "plPL": "Zwłoki",
    "esMX": "Cadáver",
    "jaJP": "死骸",
    "ptBR": "Cadáver",
    "ruRU": "Труп",
    "zhCN": "尸骸"
  },
  {
    "id": 22607,
    "Key": "candles",
    "enUS": "Candles",
    "zhTW": "蠟蠋",
    "deDE": "Kerzen",
    "esES": "Velas",
    "frFR": "Chandelles",
    "itIT": "Candele",
    "koKR":"양초",
    "plPL": "Świece",
    "esMX": "Velas",
    "jaJP": "ろうそく",
    "ptBR": "Velas",
    "ruRU": "Свечи",
    "zhCN": "蜡烛"
  },
  {
    "id": 22608,
    "Key": "sbub",
    "enUS": "Shrub",
    "zhTW": "灌木",
    "deDE": "Gestrüpp",
    "esES": "Arbusto",
    "frFR": "Arbuste",
    "itIT": "Arbusto",
    "koKR":"관목",
    "plPL": "Krzew",
    "esMX": "Arbusto",
    "jaJP": "低木",
    "ptBR": "Arbusto",
    "ruRU": "Куст",
    "zhCN": "灌木"
  },
  {
    "id": 22609,
    "Key": "ubub",
    "enUS": "Shrub",
    "zhTW": "灌木",
    "deDE": "Gestrüpp",
    "esES": "Arbusto",
    "frFR": "Arbuste",
    "itIT": "Arbusto",
    "koKR":"관목",
    "plPL": "Krzew",
    "esMX": "Arbusto",
    "jaJP": "低木",
    "ptBR": "Arbusto",
    "ruRU": "Куст",
    "zhCN": "灌木"
  },
  {
    "id": 22610,
    "Key": "deadperson2",
    "enUS": "Corpse",
    "zhTW": "屍體",
    "deDE": "Kadaver",
    "esES": "Cadáver",
    "frFR": "Cadavre",
    "itIT": "Cadavere",
    "koKR":"시체",
    "plPL": "Zwłoki",
    "esMX": "Cadáver",
    "jaJP": "死骸",
    "ptBR": "Cadáver",
    "ruRU": "Труп",
    "zhCN": "尸骸"
  },
  {
    "id": 22611,
    "Key": "Prison Door",
    "enUS": "Prison Door",
    "zhTW": "牢門",
    "deDE": "Gefängnistür",
    "esES": "Puerta de la prisión",
    "frFR": "Porte de prison",
    "itIT": "Porta della prigione",
    "koKR":"감옥 문",
    "plPL": "Drzwi więzienia",
    "esMX": "Puerta de la prisión",
    "jaJP": "牢獄の扉",
    "ptBR": "Porta da Prisão",
    "ruRU": "Тюремная дверь",
    "zhCN": "监牢大门"
  },
  {
    "id": 22612,
    "Key": "ancientsaltar",
    "enUS": "Altar of the Heavens",
    "zhTW": "天堂祭壇",
    "deDE": "Altar des Himmels",
    "esES": "Altar de los Cielos",
    "frFR": "Autel des Cieux",
    "itIT": "Altare dei Cieli",
    "koKR":"천상의 제단",
    "plPL": "Ołtarz Niebios",
    "esMX": "Altar de los Cielos",
    "jaJP": "天国の祭壇",
    "ptBR": "Altar do Paraíso",
    "ruRU": "Алтарь Небес",
    "zhCN": "天坛"
  },
  {
    "id": 22613,
    "Key": "hiddenstash",
    "enUS": "Hidden Stash",
    "zhTW": "隱藏的物品",
    "deDE": "versteckter Schatz",
    "esES": "Alijo oculto",
    "frFR": "Réserve secrète",
    "itIT": "Forziere nascosto",
    "koKR":"숨겨진 보관함",
    "plPL": "Skrytka",
    "esMX": "Alijo oculto",
    "jaJP": "秘密の隠し場所",
    "ptBR": "Estoque Oculto",
    "ruRU": "Тайные припасы",
    "zhCN": "藏匿物"
  },
  {
    "id": 22614,
    "Key": "eweaponrackL",
    "enUS": "Weapon Rack",
    "zhTW": "武器架",
    "deDE": "Waffenregal",
    "esES": "Expositor de armas",
    "frFR": "Râtelier d’armes",
    "itIT": "Rastrelliera per armi",
    "koKR":"무기 진열대",
    "plPL": "Stojak na broń",
    "esMX": "Anaquel de armas",
    "jaJP": "武器棚",
    "ptBR": "Estante de Armas",
    "ruRU": "Оружейная стойка",
    "zhCN": "武器架"
  },
  {
    "id": 22615,
    "Key": "eweaponrackR",
    "enUS": "Weapon Rack",
    "zhTW": "武器架",
    "deDE": "Waffenregal",
    "esES": "Expositor de armas",
    "frFR": "Râtelier d’armes",
    "itIT": "Rastrelliera per armi",
    "koKR":"무기 진열대",
    "plPL": "Stojak na broń",
    "esMX": "Anaquel de armas",
    "jaJP": "武器棚",
    "ptBR": "Estante de Armas",
    "ruRU": "Оружейная стойка",
    "zhCN": "武器架"
  },
  {
    "id": 22616,
    "Key": "earmorstandL",
    "enUS": "Armor Stand",
    "zhTW": "防具架",
    "deDE": "Rüstungsständer",
    "esES": "Pie de armadura",
    "frFR": "Râtelier d’armures",
    "itIT": "Supporto per armature",
    "koKR":"갑옷 진열대",
    "plPL": "Stojak na zbroję",
    "esMX": "Soporte de armadura",
    "jaJP": "鎧立て",
    "ptBR": "Estande de Armadura",
    "ruRU": "Стойка для доспехов",
    "zhCN": "护甲架"
  },
  {
    "id": 22617,
    "Key": "earmorstandR",
    "enUS": "Armor Stand",
    "zhTW": "防具架",
    "deDE": "Rüstungsständer",
    "esES": "Pie de armadura",
    "frFR": "Râtelier d’armures",
    "itIT": "Supporto per armature",
    "koKR":"갑옷 진열대",
    "plPL": "Stojak na zbroję",
    "esMX": "Soporte de armadura",
    "jaJP": "鎧立て",
    "ptBR": "Estande de Armadura",
    "ruRU": "Стойка для доспехов",
    "zhCN": "护甲架"
  }
]
